filename,Cells,E coli,E. coli,bacilo,coco,ecoli
process_valid_meso338_jpg.rf.5337b5e4f2495ed7c323e02402c4d661.jpg,1,0,0,0,0,0
75_4_2_png_jpg.rf.b1b9a3d2c7fc1b4af15ee26ddb1300f2.jpg,0,0,0,1,0,0
process_valid_meso345_jpg.rf.c5727a825afb57880fb00e79b54ed516.jpg,1,0,0,0,0,0
process_valid_meso342_jpg.rf.dd51d53282da0b133d03b4e983eb045d.jpg,1,0,0,0,0,0
50_0_1_png_jpg.rf.f6b85a92bc515d7fa6b2b976b5433b01.jpg,0,0,0,1,0,0
34_0_0_png_jpg.rf.f7b17dbc26fd754dd41b7d8471a6d543.jpg,0,0,0,1,0,0
-BD-9-R3-E-coli-001_008-2_png.rf.af1676c46d8bfe8e9bb0c153823502e9.jpg,0,1,0,0,0,0
95_1_1_png_jpg.rf.60c07f63b0ec5ee72c03411dae59156b.jpg,0,0,0,1,0,0
process_valid_meso343_jpg.rf.26a52fe14b8a1815a437ba9e2bd976b5.jpg,1,0,0,0,0,0
35_0_1_png_jpg.rf.d0162871d73abd87d25e36c6dfd3ab54.jpg,0,0,0,1,0,0
42_0_0_png_jpg.rf.813c6fc8a9e42763e09e7fa7c8a9c3a5.jpg,0,0,0,1,0,0
Lab_200_png.rf.16921a475731e323a5b731b2bc20ac93.jpg,0,0,0,0,0,0
40_0_0_png_jpg.rf.53e285dd9772ef6b1b34b37db1af7b5d.jpg,0,0,0,1,1,0
Lab_19_png.rf.0eba59a2e645ba864a559231f4a21d37.jpg,0,1,0,0,0,0
Lab_80_png.rf.ab9b984c17911ea4b195e21d42405c42.jpg,0,0,1,0,0,0
32_0_0_png_jpg.rf.f239e83b269b81d204ff20d56427467a.jpg,0,0,0,1,0,0
Lab_97_png.rf.a557ed5937e08e8daa55d5d10c3d073f.jpg,0,0,0,0,0,0
Lab_188_png.rf.9be9fe2f103052ec4870429217bba10a.jpg,0,1,0,0,0,0
-BD-3-R3-E-coli-001_010-2_png.rf.471a0cd0602f70bd0311a725c6039076.jpg,0,1,0,0,0,0
Lab_194_png.rf.bfefd0b0a3915bd6b2693caac658ce64.jpg,0,1,0,0,0,0
31_0_1_png_jpg.rf.5002611b9a2b7f568bee36e5a2ec348c.jpg,0,0,0,1,0,0
Lab_94_png.rf.f3916a4f80a8695ef3f253f2a5dab180.jpg,0,0,0,0,0,0
Lab_22_png.rf.0d1214fbbe069642ec35018b58a9d5d4.jpg,0,0,0,0,0,0
Lab_2_png.rf.1e10efe4d1c062f0660f1d3cd5881dd0.jpg,0,1,0,0,0,0
Lab_192_png.rf.dcd024711843fc0f77637ec2c90e16a5.jpg,0,0,1,0,0,0
32_0_1_png_jpg.rf.2533413b023a631b85a9d6da4284878c.jpg,0,0,0,1,1,0
50_0_0_png_jpg.rf.0859c9b4e195172e6ee6f2efc7b7229b.jpg,0,0,0,1,0,0
Lab_9_png.rf.2ff455c36918c61ab26ce2da5f41deb0.jpg,0,0,1,0,0,0
95_2_1_png_jpg.rf.8208dd133890d447e73a64f793a4c7fe.jpg,0,0,0,1,0,0
Lab_99_png.rf.2e9b742c53ab3a2ba829a9978e76a71a.jpg,0,1,0,0,0,0
Lab_75_png.rf.1812bafc42823e4c5ac55353ca41233f.jpg,0,0,0,0,0,0
Lab_90_png.rf.030dec21ce1b6b9e50878f3691a51fdd.jpg,0,0,0,0,0,0
Lab_83_png.rf.fb64ad90ace71d3ab072504d774023d9.jpg,0,1,0,0,0,0
process_valid_meso344_jpg.rf.9ea7d63c29a104e699ee9870c3452134.jpg,1,0,0,0,0,0
process_valid_meso346_jpg.rf.d4afae6387d7e646bb4b7495a155847a.jpg,1,0,0,0,0,0
46_0_0_png_jpg.rf.96ad4533730b9c64660bc8555a5f9e48.jpg,0,0,0,1,1,0
55_1_1_png_jpg.rf.949580b19e1c0707621c930ed02a426e.jpg,0,0,0,1,0,0
55_0_0_png_jpg.rf.9ad5a80a9edcf5ca114bde0b3fb912ba.jpg,0,0,0,1,0,0
92_1_1_png_jpg.rf.0b42e70f4be49a242e88ce81639827e1.jpg,0,0,0,1,0,0
77_3_2_png_jpg.rf.c7e81a3d440c04b3aff241c5e7b56cad.jpg,0,0,0,1,0,0
77_2_1_png_jpg.rf.761071b8978fc0005b56b38a83fbf337.jpg,0,0,0,1,0,0
77_2_2_png_jpg.rf.e4e6249ed2b3f998ba91fc811ecc9a4d.jpg,0,0,0,1,0,0
-BD-6-R3-E-coli-001_002-2_png.rf.3ded8a1d6e3692d4fb0b4923252e5b56.jpg,0,1,0,0,0,0
77_1_2_png_jpg.rf.92bdf0c0756e4ae16f48ea70cc9bceec.jpg,0,0,0,1,0,0
77_3_1_png_jpg.rf.202349221bef0863d2e02659819205ac.jpg,0,0,0,1,0,0
frame_30_jpg.rf.b05520ccfd2bf6b40b7bfc5dfa98cfb6.jpg,0,1,0,0,0,0
frame_73_jpg.rf.944b248e8f0d57952e12c5113eea8d7e.jpg,0,1,0,0,0,0
Lab_234_png.rf.b9bea2408e310ff2c875e31adcd56c5e.jpg,0,1,0,0,0,0
-BD-6-R3-E-coli-001_005-2_png.rf.fea81d6afdd8e34c8c0f8f194aff776b.jpg,0,1,0,0,0,0
77_4_3_png_jpg.rf.772b2208e5083cd46f0890a26dc4f7e5.jpg,0,0,0,1,0,0
77_3_0_png_jpg.rf.cb5d764de9e5de866271de2d87ed8df3.jpg,0,0,0,1,0,0
77_2_3_png_jpg.rf.adf97c81028f2e1495783524d8e08b56.jpg,0,0,0,1,0,0
Lab_24_png.rf.8ac779f9b2df1a663db6617e26170467.jpg,0,0,0,0,0,0
77_4_2_png_jpg.rf.1e76eb2ae524d426a5da92d0f90e8f5f.jpg,0,0,0,1,0,0
Lab_240_png.rf.aba313ffcc229133e9fea2a12d1009d1.jpg,0,1,0,0,0,0
79_0_0_png_jpg.rf.f7ea2fd6004dcd4b023f3c501f5656b6.jpg,0,0,0,1,0,0
Lab_233_png.rf.e06929742cef0b878f9308e8ad565dfa.jpg,0,0,0,0,0,0
77_2_0_png_jpg.rf.9c43bbf55eb934f1cf1ea54d07897285.jpg,0,0,0,1,0,0
Lab_237_png.rf.0bab44321d8fe41438e593a7b9e39dd7.jpg,0,0,0,0,0,0
75_5_3_png_jpg.rf.c1bc47d2780546b2b07b97e756350c21.jpg,0,0,0,1,0,0
frame_33_jpg.rf.eacdd5b6b55f75bcaadba2b19826a95a.jpg,0,1,0,0,0,0
ecoli-2-_jpg.rf.a08fba11a5fa2133718db3950691f06f.jpg,0,0,0,0,0,1
77_3_3_png_jpg.rf.5b1e13f8b90cd9e0690e4c7e2662f16f.jpg,0,0,0,1,0,0
75_5_0_png_jpg.rf.9c2288ca98f8d3270b9914818244171f.jpg,0,0,0,1,0,0
Lab_257_png.rf.56d78ae2f3a4f434055d3ebd2bebe847.jpg,0,1,0,0,0,0
77_1_0_png_jpg.rf.67f49b8a0a8aa57695a6b741445b211c.jpg,0,0,0,1,0,0
79_0_2_png_jpg.rf.cbb02e76821741eeab595267592b1592.jpg,0,0,0,1,0,0
79_1_0_png_jpg.rf.79975e3fb1ec80c41d7f8f9e3d0a1a2c.jpg,0,0,0,1,0,0
77_0_1_png_jpg.rf.abd4665d2fde02b2b1baedb8767f163f.jpg,0,0,0,1,0,0
79_1_2_png_jpg.rf.7ad5a4d694d43a3e1c36d01726f78304.jpg,0,0,0,1,0,0
77_0_0_png_jpg.rf.06f848a3672adbaf242db3a34a40d453.jpg,0,0,0,1,0,0
Lab_247_png.rf.3fd9f880cc4bb30a8a400d7f48fc3d51.jpg,0,1,0,0,0,0
79_2_1_png_jpg.rf.278e585ac80297ee2fe5a9351fc91344.jpg,0,0,0,1,0,0
79_0_1_png_jpg.rf.c7d638e370056b9040dfc9910bd7d28a.jpg,0,0,0,1,0,0
Lab_244_png.rf.c63d1a65f837f9b98b033a2dd2a66d3b.jpg,0,0,1,0,0,0
77_1_1_png_jpg.rf.d8de7183d1997a2fbdbceed3a9ff5aa9.jpg,0,0,0,1,0,0
77_4_0_png_jpg.rf.5b31ed3229482129d3bd185df5ecf361.jpg,0,0,0,1,0,0
79_2_0_png_jpg.rf.7116397af6bcc856c6c4cf18605da53d.jpg,0,0,0,1,0,0
-BD-5-R3-E-coli-001_006-2_png.rf.cd004f314da5afc3aa001d9b6e03c7be.jpg,0,1,0,0,0,0
-BD-1-R3-E-coli-001_008-2_png.rf.57d270b6c1257140828f48472eddaa29.jpg,0,1,0,0,0,0
77_0_3_png_jpg.rf.c1b3360e1ac3708d12eb6e1a51e8b3af.jpg,0,0,0,1,0,0
79_1_1_png_jpg.rf.fe0915ebb24874af51964ef9cba4df6d.jpg,0,0,0,1,0,0
Lab_228_png.rf.e2a2e505fa8d2ecef5589ad2c5175563.jpg,0,0,0,0,0,0
79_3_0_png_jpg.rf.7f406f752792545e5db02ac6a287a833.jpg,0,0,0,1,0,0
frame_12_jpg.rf.f7b7513e48a8d716e389842bfbe9c40d.jpg,0,1,0,0,0,0
Lab_263_png.rf.435eb0f3332de2ae21eea14a454f69c0.jpg,0,1,0,0,0,0
79_2_2_png_jpg.rf.92d730b92dbddb2b9cd5fbe10737db39.jpg,0,0,0,1,0,0
Lab_235_png.rf.548bcbe38efd411dcd13cfbb8e19147c.jpg,0,0,0,0,0,0
frame_13_jpg.rf.7374eb0fd3d5044cbcd3d1f4865ca8ca.jpg,0,1,0,0,0,0
Lab_266_png.rf.0814a66f8d98d02374f9f970daa136c7.jpg,0,0,1,0,0,0
Lab_26_png.rf.8a25fb5943e2b41caffaaa80bf3b2943.jpg,0,0,1,0,0,0
-BD-7-R3-E-coli-001_001-2_png.rf.14d2bea6da7d59cadcdfccde16faef64.jpg,0,1,0,0,0,0
79_3_2_png_jpg.rf.69459ebc067720ac5a9bdbfad2909874.jpg,0,0,0,1,0,0
77_4_1_png_jpg.rf.bd4648a6c8f9c4aa2ecd6f09a6a8bc74.jpg,0,0,0,1,0,0
77_0_2_png_jpg.rf.29a8d450cd478f7c6c615073d590b78f.jpg,0,0,0,1,0,0
frame_47_jpg.rf.5abd445e1bfb60174eea16876a95d048.jpg,0,1,0,0,0,0
Lab_102_png.rf.11a20a6be8a24ad593e630d54edafe53.jpg,0,1,0,0,0,0
-BD-10-R3-E-coli-001_009-2_png.rf.a9df0ae989e79572a5ce539455507418.jpg,0,1,0,0,0,0
-BD-10-R3-E-coli-001_002-2_png.rf.a3e3b7332455f1cde4d730a20a8cedbf.jpg,0,1,0,0,0,0
Lab_124_png.rf.b1a7c0961ce9a25e0a0d1ae7b3d7aedc.jpg,0,0,0,0,0,0
Lab_147_png.rf.59c0905e0cf48457f8ae8d4a78fbef79.jpg,0,1,0,0,0,0
-BD-1-R3-E-coli-001_002-2_png.rf.bea5ecf7aedf36c5a26925916effc712.jpg,0,1,0,0,0,0
Lab_113_png.rf.3020bbdf3630beab164d16a19c487f87.jpg,0,1,0,0,0,0
Lab_118_png.rf.58ccc232cdea3e72feece6c78eb05286.jpg,0,0,1,0,0,0
Lab_106_png.rf.55c2eff89ab703f8312a4c33744ebcd9.jpg,0,1,0,0,0,0
Lab_12_png.rf.fb57b4a1829660b1db74b8c11bba2fc3.jpg,0,0,0,0,0,0
Lab_158_png.rf.3626f5db1d5ddc0472bbaac497549e49.jpg,0,0,1,0,0,0
-BD-2-R3-E-coli-001_002-2_png.rf.c8df1488f0f6eeebbd3b948e7c5d8666.jpg,0,1,0,0,0,0
frame_15_jpg.rf.3a625ce22f8718c877d7f6ccfa3a0d18.jpg,0,1,0,0,0,0
-BD-10-R3-E-coli-001_008-2_png.rf.10323a51f413688627c50eca19954e0f.jpg,0,1,0,0,0,0
-BD-2-R3-E-coli-001_006-2_png.rf.b414bd5d36358ebb9c60e5c423fbcd12.jpg,0,1,0,0,0,0
frame_58_jpg.rf.c07ad5ad7ac007b0fcf873bd93035860.jpg,0,1,0,0,0,0
-BD-10-R3-E-coli-001_006-2_png.rf.7545bd22650ac3194060853dfccda6ae.jpg,0,1,0,0,0,0
11_1_1_png_jpg.rf.617d0c0c2492f1a4767cf6b427cb9d05.jpg,0,0,0,1,0,0
Lab_16_png.rf.cdb8fb104651084ce8eef86c65a43431.jpg,0,1,0,0,0,0
28_0_0_png_jpg.rf.f1c9fd89747b42a286b85ff068b68732.jpg,0,0,0,1,0,0
Lab_150_png.rf.0e21a307d1e35be8b9d21c0c73ed7263.jpg,0,0,1,0,0,0
11_0_1_png_jpg.rf.1bde5cf2b391f9099204951cd9b0a8e0.jpg,0,0,0,1,0,0
11_1_0_png_jpg.rf.ae07a1e69ac06953a05b60d48cf52c11.jpg,0,0,0,1,0,0
Lab_175_png.rf.0602908048c09ee0a47c9ef63c68787e.jpg,0,0,0,0,0,0
Lab_162_png.rf.3bff6c12185f4832a9307e92b5dede31.jpg,0,1,0,0,0,0
Lab_17_png.rf.d96238a5524bd366328f49e07519e7b8.jpg,0,0,1,0,0,0
frame_62_jpg.rf.8117bc2dc38bd168b83723c23e298a4f.jpg,0,1,0,0,0,0
26_0_1_png_jpg.rf.234045ef69af08308bfafc323b5e3b1b.jpg,0,0,0,1,0,0
11_2_0_png_jpg.rf.3ef4a1178490d077f57c22c18d6b6837.jpg,0,0,0,1,0,0
frame_55_jpg.rf.c9cb79ccb0aaca7498cf27d3a9a52966.jpg,0,1,0,0,0,0
frame_48_jpg.rf.d5a13200b28523ef826440f2fd0d5896.jpg,0,1,0,0,0,0
11_2_1_png_jpg.rf.51b9a64d41d0a9f8a07d5dcc11dde000.jpg,0,0,0,1,0,0
-BD-2-R3-E-coli-001_004-2_png.rf.ca19c4cc5baaa841d5356f020447ceff.jpg,0,1,0,0,0,0
92_2_0_png_jpg.rf.98a3ef63f9a50188f4cf768fd80bd917.jpg,0,0,0,1,0,0
Lab_210_png.rf.ce7f0a958dc7e258b0dc706dc543aadd.jpg,0,1,0,0,0,0
31_0_0_png_jpg.rf.d4574c1441e2c5fec9fa6afb1d0763f0.jpg,0,0,0,1,0,0
-BD-3-R3-E-coli-001_002-2_png.rf.7631644fad19aaab66b0fd8e5044b3c1.jpg,0,1,0,0,0,0
Lab_31_png.rf.0668a9b363b2f1c58120658b191f6237.jpg,0,1,0,0,0,0
75_2_2_png_jpg.rf.581b3e0933091306a96c50e56a986705.jpg,0,0,0,1,0,0
30_0_0_png_jpg.rf.56686edc145f4435f51fa1388c4d850d.jpg,0,0,0,1,0,0
75_2_1_png_jpg.rf.b8a1bca235381210f92769ce92ac3faa.jpg,0,0,0,1,0,0
93_0_0_png_jpg.rf.917e24272ce82948ed4954fe89597253.jpg,0,0,0,1,0,0
92_0_0_png_jpg.rf.4dce7d7df7264c2bf49dc60a2be6dab5.jpg,0,0,0,1,0,0
frame_25_jpg.rf.25bda2ac9cecfac240ad3efa1b83b371.jpg,0,1,0,0,0,0
92_0_1_png_jpg.rf.7c618e31780e510bad40f810e1530c90.jpg,0,0,0,1,0,0
93_0_1_png_jpg.rf.814e183254b927197424812340f1ec7c.jpg,0,0,0,1,0,0
11_0_0_png_jpg.rf.b710fd662d2b2ee8bdb49a4b41846917.jpg,0,0,0,1,1,0
Lab_3_png.rf.20cc097accd9ce1cda60b16be076319e.jpg,0,0,1,0,0,0
ecoli-5-_jpg.rf.3638d244ef6cacf0a9d43dd8990198ce.jpg,0,0,0,0,0,1
75_4_0_png_jpg.rf.2ae5612a94a9601328b5b342fb97f07b.jpg,0,0,0,1,0,0
Lab_174_png.rf.05efe2a06587c787d0446a73c5e51c15.jpg,0,0,0,0,0,0
Lab_41_png.rf.e89654af277c6d8972a5e6e0c49c8c63.jpg,0,0,1,0,0,0
Lab_216_png.rf.6e8f5a468978164feff428ab0879f49a.jpg,0,0,1,0,0,0
75_4_1_png_jpg.rf.c070bca70911707648abd28c45f818de.jpg,0,0,0,1,0,0
95_0_1_png_jpg.rf.2539df208a18dd2ee352847f5adc80d0.jpg,0,0,0,1,0,0
95_0_0_png_jpg.rf.477bbc80eef3f32845f372871be1a85a.jpg,0,0,0,1,1,0
Lab_47_png.rf.a03af52756c82f51a4acee6b16902c40.jpg,0,0,1,0,0,0
92_2_1_png_jpg.rf.aa340cbf659a6251da875a29c7139e83.jpg,0,0,0,1,0,0
frame_4_jpg.rf.a8421d2a4652e7e8a2ce1f535f8dfe81.jpg,0,1,0,0,0,0
75_3_1_png_jpg.rf.4200ccc4d57146f37ccdc6d1be1ea009.jpg,0,0,0,1,0,0
95_1_0_png_jpg.rf.798864e27b31880cf4beaa8fe33b0090.jpg,0,0,0,1,0,0
Lab_71_png.rf.c0ef55604df079706b1a42fed93eec27.jpg,0,1,0,0,0,0
95_2_0_png_jpg.rf.5659b614e8a93f1f20fd096144f2a4a4.jpg,0,0,0,1,0,0
77_1_3_png_jpg.rf.864c0750cb8a84ab8b93ddd558abcab4.jpg,0,0,0,1,0,0
Lab_217_png.rf.f0145f5812478797160d8371a9380ca6.jpg,0,0,0,0,0,0
Lab_60_png.rf.94c7a918b34fa471acf98451725f0d90.jpg,0,0,0,0,0,0
Lab_51_png.rf.2edb55ac82e732801730b8360313b882.jpg,0,0,0,0,0,0
75_5_1_png_jpg.rf.9c024b552f4558283c4d005b4292fd21.jpg,0,0,0,1,0,0
93_1_1_png_jpg.rf.1dfb0f69d286adcc9b70cb60dbba95c3.jpg,0,0,0,1,0,0
56_0_0_png_jpg.rf.5a6c24151b8dc6c1cb846b4ae88433fe.jpg,0,0,0,1,0,0
-BD-8-R3-E-coli-001_001-2_png.rf.c6f5027c93a28ddadb0ccb4082b34803.jpg,0,1,0,0,0,0
process_valid_meso325_jpg.rf.1c1706688082763f950b817cc5ced08c.jpg,1,0,0,0,0,0
39_0_0_png_jpg.rf.5072b26efbc0a6a9402fb318c764252c.jpg,0,0,0,1,0,0
-BD-8-R3-E-coli-001_003-2_png.rf.8ddde2e3f48c65a41807b80f4b6e612e.jpg,0,1,0,0,0,0
48_0_0_png_jpg.rf.04576c4dbc0c0925be7baca7e3a85e46.jpg,0,0,0,1,0,0
93_1_0_png_jpg.rf.034b0e9e60c7f5e270c57dedb3571e8e.jpg,0,0,0,1,0,0
-BD-9-R3-E-coli-001_003-2_png.rf.75b56ea633baf203167aa1c159094090.jpg,0,1,0,0,0,0
-BD-8-R3-E-coli-001_011-2_png.rf.d80c6cc3dc7a9254b2be175e83699b7e.jpg,0,1,0,0,0,0
Lab_62_png.rf.590d9a7332dd722a66fa7909bf8b07e6.jpg,0,1,0,0,0,0
process_valid_meso334_jpg.rf.b0ce72f257954b65b280704e84b307b8.jpg,1,0,0,0,0,0
process_valid_meso327_jpg.rf.635be6ba2f84737ed70e1ef75906634f.jpg,1,0,0,0,0,0
process_valid_meso340_jpg.rf.dfdb4345b4be3eda3590c5bd8dff0379.jpg,1,0,0,0,0,0
process_valid_meso339_jpg.rf.0bbb085cef2aa8beca299626da5a1c37.jpg,1,0,0,0,0,0
92_1_0_png_jpg.rf.f01874972c3019ed9eac0794c0f469e5.jpg,0,0,0,1,0,0
process_valid_meso328_jpg.rf.05df86f98b501486080b4b3e22c5d338.jpg,1,0,0,0,0,0
frame_9_jpg.rf.49e3cee9cc52efc1d53bc7547b861ee5.jpg,0,1,0,0,0,0
process_valid_meso330_jpg.rf.1ea5b204a06744c6761b3223815f190a.jpg,1,0,0,0,0,0
93_2_0_png_jpg.rf.f336cff44effc0f7c38f56e567b9b762.jpg,0,0,0,1,0,0
-BD-9-R3-E-coli-001_004-2_png.rf.670e663e98c708040a1b28b62bc80c67.jpg,0,1,0,0,0,0
93_2_1_png_jpg.rf.915511430f3ced82ac58bde22effb112.jpg,0,0,0,1,0,0
process_valid_meso329_jpg.rf.77a4aa177d71fd2e93d44bc649a43557.jpg,1,0,0,0,0,0